INSERT INTO JJ_USUARIOS (ID,USERNAME, PASSWORD, ENABLED, NOMBRE , APELLIDO, EMAIL) VALUES (1,'juan','$2a$10$m2u.j7wfG0m0QaurTAQY8Oed7Z4amVp39xvTSB/LppRehHqlgBY3O',1, 'JUAN', 'JIMENEZ', 'juanjiimenez8@gmail.com');
INSERT INTO JJ_USUARIOS (ID,USERNAME, PASSWORD, ENABLED, NOMBRE , APELLIDO, EMAIL) VALUES (2,'admin','$2a$10$.NQ/Cz97bioUToE7QV/Ba.xi/MfWcz1OYgZ32yrR9CEE7eAVuEXKy',1, 'JUANo', 'JIMENEZo', 'juanjiimenez8o@gmail.com');

INSERT INTO JJ_ROLES (ID,NOMBRE) VALUES (1,'ROLE_USER');
INSERT INTO JJ_ROLES (ID,NOMBRE) VALUES (2,'ROLE_ADMIN');

INSERT INTO JJ_USUARIOS_ROLES (usuario_id, role_id) VALUES (1, 1);
INSERT INTO JJ_USUARIOS_ROLES (usuario_id, role_id) VALUES (2, 2);
INSERT INTO JJ_USUARIOS_ROLES (usuario_id, role_id) VALUES (2, 1);



INSERT INTO JSP7_PRU_CELLUX.JJ_REGIONES (ID,NOMBRE) VALUES (1,'ATLANTICO');
INSERT INTO JSP7_PRU_CELLUX.JJ_REGIONES (ID,NOMBRE) VALUES (2,'MAGDALENA');

Insert into JSP7_PRU_CELLUX.JJ_CLIENTES (ID,NOMBRE,APELLIDO,EMAIL,CREATE_AT,FOTO,REGION_ID) values ('1','JUAN','JIMENEZ','JUAN.JIMENEZ@CUA.CO',to_date('24/02/22','DD/MM/RR'),'1ca7edcb-dca5-4176-8884-0b646cb80574_2.jpg',1);
Insert into JSP7_PRU_CELLUX.JJ_CLIENTES (ID,NOMBRE,APELLIDO,EMAIL,CREATE_AT,FOTO,REGION_ID) values ('2','JOSE','JIMENEZ','JOSE.JIMENEZ@CUA.CO',to_date('25/02/22','DD/MM/RR'),null,1);
Insert into JSP7_PRU_CELLUX.JJ_CLIENTES (ID,NOMBRE,APELLIDO,EMAIL,CREATE_AT,FOTO,REGION_ID) values ('3','ANDRES','JIMENEZ','ANDRES.JIMENEZ@CUA.CO',to_date('26/02/22','DD/MM/RR'),null,1);
Insert into JSP7_PRU_CELLUX.JJ_CLIENTES (ID,NOMBRE,APELLIDO,EMAIL,CREATE_AT,FOTO,REGION_ID) values ('4','KEINER','BELEÑO','KEINER.BELENO@CUA.CO',to_date('24/02/22','DD/MM/RR'),null,1);
Insert into JSP7_PRU_CELLUX.JJ_CLIENTES (ID,NOMBRE,APELLIDO,EMAIL,CREATE_AT,FOTO,REGION_ID) values ('5','BENJAMIN','NIETO','BENJAMIN.NIETO@CUA.CO',to_date('25/02/22','DD/MM/RR'),null,1);
Insert into JSP7_PRU_CELLUX.JJ_CLIENTES (ID,NOMBRE,APELLIDO,EMAIL,CREATE_AT,FOTO,REGION_ID) values ('6','GABRIEL','MANJARRES','GABRIEL.MAN@CUA.CO',to_date('26/02/22','DD/MM/RR'),null,1);
Insert into JSP7_PRU_CELLUX.JJ_CLIENTES (ID,NOMBRE,APELLIDO,EMAIL,CREATE_AT,FOTO,REGION_ID) values ('7','MOISES','NEIRA','MOISES.NEIRA@CUA.CO',to_date('24/02/22','DD/MM/RR'),null,1);
Insert into JSP7_PRU_CELLUX.JJ_CLIENTES (ID,NOMBRE,APELLIDO,EMAIL,CREATE_AT,FOTO,REGION_ID) values ('8','KEIVYS','BERGUDO','KEIVYS.BERD@CUA.CO',to_date('25/02/22','DD/MM/RR'),null,1);
Insert into JSP7_PRU_CELLUX.JJ_CLIENTES (ID,NOMBRE,APELLIDO,EMAIL,CREATE_AT,FOTO,REGION_ID) values ('9','NANDO','OLAYA','NANDO.L@CUA.CO',to_date('26/02/22','DD/MM/RR'),null,1);
Insert into JSP7_PRU_CELLUX.JJ_CLIENTES (ID,NOMBRE,APELLIDO,EMAIL,CREATE_AT,FOTO,REGION_ID) values ('10','HERNANDO','HERNANDEZ','HERNAN.H@CUA.CO',to_date('24/02/22','DD/MM/RR'),null,1);
Insert into JSP7_PRU_CELLUX.JJ_CLIENTES (ID,NOMBRE,APELLIDO,EMAIL,CREATE_AT,FOTO,REGION_ID) values ('11','JAVIER','DAGOBETH','JAVIER.DG@CUA.CO',to_date('25/02/22','DD/MM/RR'),null,1);
Insert into JSP7_PRU_CELLUX.JJ_CLIENTES (ID,NOMBRE,APELLIDO,EMAIL,CREATE_AT,FOTO,REGION_ID) values ('12','SHEYLA','MIRANDA','SHEYLA.MIRANDOA@VIDAL.CO',to_date('26/02/22','DD/MM/RR'),null,2);
Insert into JSP7_PRU_CELLUX.JJ_CLIENTES (ID,NOMBRE,APELLIDO,EMAIL,CREATE_AT,FOTO,REGION_ID) values ('13','FERNANDO','MIRANDA','FERNANDO.MIR@CUA.CO',to_date('24/02/22','DD/MM/RR'),null,2);
Insert into JSP7_PRU_CELLUX.JJ_CLIENTES (ID,NOMBRE,APELLIDO,EMAIL,CREATE_AT,FOTO,REGION_ID) values ('14','CLAUDIA','BOTERO','CLAUDIA.BOT@CUA.CO',to_date('25/02/22','DD/MM/RR'),null,2);
Insert into JSP7_PRU_CELLUX.JJ_CLIENTES (ID,NOMBRE,APELLIDO,EMAIL,CREATE_AT,FOTO,REGION_ID) values ('15','YULI','BUSTOS','YULY@VIDAL.CO',to_date('26/02/22','DD/MM/RR'),null,2);
Insert into JSP7_PRU_CELLUX.JJ_CLIENTES (ID,NOMBRE,APELLIDO,EMAIL,CREATE_AT,FOTO,REGION_ID) values ('16','YINA','JARABA','YINA.JARABA@CUA.CO',to_date('24/02/22','DD/MM/RR'),null,2);
Insert into JSP7_PRU_CELLUX.JJ_CLIENTES (ID,NOMBRE,APELLIDO,EMAIL,CREATE_AT,FOTO,REGION_ID) values ('17','CARLOS','HERRERA','CARLOS.HERRERA@CUA.CO',to_date('25/02/22','DD/MM/RR'),null,2);
Insert into JSP7_PRU_CELLUX.JJ_CLIENTES (ID,NOMBRE,APELLIDO,EMAIL,CREATE_AT,FOTO,REGION_ID) values ('18','KEVIN','FONTALVO','KEVIN.FONTALVO@VIDAL.CO',to_date('26/02/22','DD/MM/RR'),null,2);
Insert into JSP7_PRU_CELLUX.JJ_CLIENTES (ID,NOMBRE,APELLIDO,EMAIL,CREATE_AT,FOTO,REGION_ID) values ('19','OSCAR','POLIFRONI','OSCAR.POLI@CUA.CO',to_date('24/02/22','DD/MM/RR'),null,2);
Insert into JSP7_PRU_CELLUX.JJ_CLIENTES (ID,NOMBRE,APELLIDO,EMAIL,CREATE_AT,FOTO,REGION_ID) values ('20','FABIAN','DELGADO','FABIAN.DELGADO@CUA.CO',to_date('25/02/22','DD/MM/RR'),null,2);
Insert into JSP7_PRU_CELLUX.JJ_CLIENTES (ID,NOMBRE,APELLIDO,EMAIL,CREATE_AT,FOTO,REGION_ID) values ('21','LUIS','BUSTAMANTE','LUIS.BUSTAMANTE@VIDAL.CO',to_date('26/02/22','DD/MM/RR'),null,2);
Insert into JSP7_PRU_CELLUX.JJ_CLIENTES (ID,NOMBRE,APELLIDO,EMAIL,CREATE_AT,FOTO,REGION_ID) values ('22','DARWIN','RIOS','DARWIN.RIOS@CUA.CO',to_date('24/02/22','DD/MM/RR'),null,2);
Insert into JSP7_PRU_CELLUX.JJ_CLIENTES (ID,NOMBRE,APELLIDO,EMAIL,CREATE_AT,FOTO,REGION_ID) values ('23','ELKIN','DIAZ','ELKIN.JUAN@CUA.CO',to_date('25/02/22','DD/MM/RR'),null,2);
Insert into JSP7_PRU_CELLUX.JJ_CLIENTES (ID,NOMBRE,APELLIDO,EMAIL,CREATE_AT,FOTO,REGION_ID) values ('24','EDWIN','SUAREZ','EDWIN@VIDAL.CO',to_date('26/02/22','DD/MM/RR'),null,2);
Insert into JSP7_PRU_CELLUX.JJ_CLIENTES (ID,NOMBRE,APELLIDO,EMAIL,CREATE_AT,FOTO,REGION_ID) values ('25','ADALBERTO','JIMENEZ','ADALBERTO.JUAN@CUA.CO',to_date('24/02/22','DD/MM/RR'),null,2);
Insert into JSP7_PRU_CELLUX.JJ_CLIENTES (ID,NOMBRE,APELLIDO,EMAIL,CREATE_AT,FOTO,REGION_ID) values ('26','DAVID','CADAVID','CADAVID.DAVID@CUA.CO',to_date('25/02/22','DD/MM/RR'),null,2);
Insert into JSP7_PRU_CELLUX.JJ_CLIENTES (ID,NOMBRE,APELLIDO,EMAIL,CREATE_AT,FOTO,REGION_ID) values ('27','CAMILO','PLAYER','PLAYER@VIDAL.CO',to_date('26/02/22','DD/MM/RR'),null,2);

INSERT INTO JSP7_PRU_CELLUX.JJ_CURSOS (ID,NOMBRE) VALUES (1,'JAVA');
INSERT INTO JSP7_PRU_CELLUX.JJ_CURSOS (ID,NOMBRE) VALUES (2,'TYPESCRIPT');
INSERT INTO JSP7_PRU_CELLUX.JJ_CURSOS (ID,NOMBRE) VALUES (3,'ANGULAR');
INSERT INTO JSP7_PRU_CELLUX.JJ_CURSOS (ID,NOMBRE) VALUES (4,'SPRING BOOT');
INSERT INTO JSP7_PRU_CELLUX.JJ_CURSOS (ID,NOMBRE) VALUES (5,'HTML');

